<?xml version="1.0" encoding="UTF-8"?>
<project-private xmlns="http://www.netbeans.org/ns/project-private/1">
    <editor-bookmarks xmlns="http://www.netbeans.org/ns/editor-bookmarks/2" lastBookmarkId="1">
        <file>
            <url>src/ubumuntu/hosp/phar/REGISTRATION.java</url>
            <bookmark id="1">
                <name/>
                <line>375</line>
                <key/>
            </bookmark>
        </file>
    </editor-bookmarks>
    <open-files xmlns="http://www.netbeans.org/ns/projectui-open-files/2">
        <group>
            <file>file:/C:/Users/REMY/Documents/NetBeansProjects/UBUMUNTU%20HOSP&amp;PHAR/src/ubumuntu/hosp/phar/AQUISITION_OF_MEDS.java</file>
            <file>file:/C:/Users/REMY/Documents/NetBeansProjects/UBUMUNTU%20HOSP&amp;PHAR/src/ubumuntu/hosp/phar/LOGIN.java</file>
            <file>file:/C:/Users/REMY/Documents/NetBeansProjects/UBUMUNTU%20HOSP&amp;PHAR/src/ubumuntu/hosp/phar/REPLIANCE.java</file>
            <file>file:/C:/Users/REMY/Documents/NetBeansProjects/UBUMUNTU%20HOSP&amp;PHAR/src/ubumuntu/hosp/phar/DASHBOARD.java</file>
            <file>file:/C:/Users/REMY/Documents/NetBeansProjects/UBUMUNTU%20HOSP&amp;PHAR/src/ubumuntu/hosp/phar/REGISTRATION.java</file>
            <file>file:/C:/Users/REMY/Documents/NetBeansProjects/UBUMUNTU%20HOSP&amp;PHAR/src/ubumuntu/hosp/phar/MEET_A_DOCTOR.java</file>
        </group>
    </open-files>
</project-private>
